n,mae,rmse
40570,1.5227855668626327,2.1754325829633556
